timestamp,source,dist_front,dist_left,dist_right,speed_left,speed_right,action,confidence,decision_source,cycle,steps_l,steps_r,notes
2026-01-31T16:37:29.842653,SIM,200.0,150.0,150.0,80,80,FORWARD,nan,VAGUE,1,0,0,FORWARD_UNCERTAIN
2026-01-31T16:37:29.842772,SIM,50.0,150.0,150.0,-100,-100,REVERSE,1.000,MANEUVER,2,0,0,EMERGENCY_START
2026-01-31T16:37:29.842805,SIM,150.0,30.0,200.0,-100,-100,REVERSE,1.000,MANEUVER,3,0,0,REVERSING_1
2026-01-31T16:37:29.842830,SIM,150.0,200.0,30.0,-100,-100,REVERSE,1.000,MANEUVER,4,0,0,REVERSING_2
2026-01-31T16:37:29.842851,SIM,40.0,40.0,40.0,-100,-100,REVERSE,1.000,MANEUVER,5,0,0,REVERSING_3
